ESG,n,BareSoilCover_q25,BareSoilCover_mean,BareSoilCover_q75,BareSoilCover_sd,TotalFoliarCover_n,TotalFoliarCover_q25,TotalFoliarCover_mean,TotalFoliarCover_q75,TotalFoliarCover_sd,GapCover_25_plus_n,GapCover_25_plus_q25,GapCover_25_plus_mean,GapCover_25_plus_q75,GapCover_25_plus_sd,GapCover_101_200_n,GapCover_101_200_q25,GapCover_101_200_mean,GapCover_101_200_q75,GapCover_101_200_sd,GapCover_200_plus_n,GapCover_200_plus_q25,GapCover_200_plus_mean,GapCover_200_plus_q75,GapCover_200_plus_sd,AH_NonNoxPerenForbCover_n,AH_NonNoxPerenForbCover_q25,AH_NonNoxPerenForbCover_mean,AH_NonNoxPerenForbCover_q75,AH_NonNoxPerenForbCover_sd,Hgt_PerenForb_Avg_n,Hgt_PerenForb_Avg_q25,Hgt_PerenForb_Avg_mean,Hgt_PerenForb_Avg_q75,Hgt_PerenForb_Avg_sd,AH_NonNoxPerenGrassCover_n,AH_NonNoxPerenGrassCover_q25,AH_NonNoxPerenGrassCover_mean,AH_NonNoxPerenGrassCover_q75,AH_NonNoxPerenGrassCover_sd,Hgt_NonNoxPerenGrass_Avg_n,Hgt_NonNoxPerenGrass_Avg_q25,Hgt_NonNoxPerenGrass_Avg_mean,Hgt_NonNoxPerenGrass_Avg_q75,Hgt_NonNoxPerenGrass_Avg_sd,AH_NonNoxTreeCover_n,AH_NonNoxTreeCover_q25,AH_NonNoxTreeCover_mean,AH_NonNoxTreeCover_q75,AH_NonNoxTreeCover_sd,AH_NoxAnnGrassCover_n,AH_NoxAnnGrassCover_q25,AH_NoxAnnGrassCover_mean,AH_NoxAnnGrassCover_q75,AH_NoxAnnGrassCover_sd,AH_NoxCover_n,AH_NoxCover_q25,AH_NoxCover_mean,AH_NoxCover_q75,AH_NoxCover_sd,NumSpp_NoxPlant_n,NumSpp_NoxPlant_q25,NumSpp_NoxPlant_mean,NumSpp_NoxPlant_q75,NumSpp_NoxPlant_sd,AH_SagebrushCover_n,AH_SagebrushCover_q25,AH_SagebrushCover_mean,AH_SagebrushCover_q75,AH_SagebrushCover_sd,Hgt_Sagebrush_Avg_n,Hgt_Sagebrush_Avg_q25,Hgt_Sagebrush_Avg_mean,Hgt_Sagebrush_Avg_q75,Hgt_Sagebrush_Avg_sd,pct_sagebrush_dead_n,pct_sagebrush_dead_q25,pct_sagebrush_dead_mean,pct_sagebrush_dead_q75,pct_sagebrush_dead_sd,SoilStability_Protected_n,SoilStability_Protected_q25,SoilStability_Protected_mean,SoilStability_Protected_q75,SoilStability_Protected_sd,SoilStability_Unprotected_n,SoilStability_Unprotected_q25,SoilStability_Unprotected_mean,SoilStability_Unprotected_q75,SoilStability_Unprotected_sd,FH_WoodyAndHerbLitterCover_n,FH_WoodyAndHerbLitterCover_q25,FH_WoodyAndHerbLitterCover_mean,FH_WoodyAndHerbLitterCover_q75,FH_WoodyAndHerbLitterCover_sd
"Semiarid Warm - Shallow, Deep Rocky",1001,5.33333333,15.779482181588412,22.66666667,13.76175335603842,1001,36,49.6810786834066,62.66666667,18.64277797668781,1001,35.48,50.127718947842155,65.81333333,21.609325313757324,1001,5.96,12.105531135624375,17.32,8.031742620294535,1001,3.48,21.851415251388612,34.86666667,19.902190565296298,1001,0,3.900397623986014,5.33333333,5.930609764761724,1001,9.25,17.229748254911566,22,11.537520862635697,1001,1.33333333,11.784225721838162,18,13.708617454231836,1001,17.5,24.913500865810185,30.5388888875,10.885719828783728,1001,0,18.20026331023976,31.33333333,18.196690970114535,1001,0,2.2792596958441558,0,7.478215925033565,1001,0,2.468403884955045,0.66666667,7.647507960456814,1001,0,0.6046511627906976,1,0.7598333803152227,1001,0,5.939297872807193,8,9.782902173705335,1001,28,45.31255255928713,57,30.149404112164707,1001,0,23.9240991362641,33.333333499999995,26.69950464808683,1001,3.14285714,4.017472969123548,5,1.2613703295065004,1001,2.09090909,3.0389934619098713,3.8489011024999997,1.2266814055754176,1001,10.66666667,17.72013848808192,22.66666667,9.54124958742034
"Semiarid Warm - Sandy Uplands, Loamy Uplands",872,6,17.944478416823394,26.66666667,14.69163954412978,872,39.833333332500004,55.788364315791284,72,20.97392880057576,872,25.003333335,44.29441896021789,63.996666669999996,24.299393288650784,872,3.44333333,10.975321100894496,16.939999997500003,8.878560402634877,872,0,14.349873853119266,22.403333332499997,19.130128788015345,872,0.66666667,5.26377545353211,6.66666667,7.7216891241594405,872,9.875,19.425542702437397,25.5,12.885742243409059,872,4,18.777963343130732,28.66666667,16.80406470136449,872,21.221014489999998,29.355913293404257,35.53604119,12.575335261573375,872,0,5.722422938451835,5.33333333,11.50190572336783,872,0,7.8944683500688075,6.66666667,16.325250603463015,872,0,8.243092203279817,7.33333333,16.574276526075593,872,0,0.7016129032258065,1,0.7977171450609564,872,2,13.103432166536697,21.33333333,12.566696700388427,872,33.794444444999996,51.09420136775602,62.39285714,25.858294315191948,872,8.62068967167062,25.66192074583612,33.333333499999995,24.68637286166692,872,3.2712121199999995,4.087347695121951,5.1027777775,1.282072267562064,872,2.154761905,3.185056332796935,4.15384615,1.288146755315586,872,10.66666667,17.89372954760321,23.33333333,10.951370143324354
"Semiarid Cool - Saline Uplands, Sandy Uplands, Loamy Uplands, Finer Uplands",433,4,15.035794462863741,23.33333333,13.1153053638048,433,53.33333333,66.81155717448037,80.66666667,18.184691696150125,433,10.85333333,27.653695150115475,40.44,19.17245196085649,433,0,5.71210161665127,9.09333333,6.926986672736489,433,0,2.562940723556582,2.86666667,6.081490713194371,433,3.33333333,12.3613213473903,18,13.183025245157436,433,10.45,22.7806772664375,29.952651515,15.14180946313629,433,20.66666667,32.64626782487298,43.33333333,16.966079173137846,433,20.93333333,29.281092274070588,35.1,11.880009988188863,433,0,4.053458778337182,0,12.64498121522307,433,0,0.5381062355196304,0,3.5025193467671873,433,0,0.6073903002540416,0,3.521513363164405,433,0,0.23076923076923078,0,0.5298426987382034,433,9.33333333,20.01118833556582,28.66666667,12.893177446791807,433,26.375,39.651921874379944,50.060661765,18.00334843633021,433,4.8387096778095735,15.483326249826229,22.222222166666672,14.765513094098235,433,3.3057692325000003,4.207019837051887,5.22222222,1.1945303243309877,433,2.33333333,3.200566403058511,4,1.2236136553859873,433,7.33333333,13.075583403418014,16.66666667,7.869588495342448
Semiarid Warm - Finer Uplands,427,9,21.21134914533958,30.66666667,14.391548847647496,427,38,50.66875186637002,61.33333333,17.855848559326983,427,32.753333335,48.10788446531616,63.58,21.06733726894686,427,5.406666665,11.934754098266978,17.246666665,7.895887954935146,427,2.68,15.668618266885247,24.73333333,18.220243742751308,427,0,3.3029093253395785,4,5.032941081883845,427,9,17.55225343117857,24,12.25846520757226,427,3.33333333,16.115267539625293,27,14.304135052405943,427,17.4,25.430108947855228,31.55172414,11.248369265100365,427,0,10.612021858032787,15.666666665000001,15.762786784304394,427,0,3.5206869633957845,0.66666667,10.619136884496685,427,0,3.700234192177986,0.66666667,10.748010816420315,427,0,0.6502347417840375,1,0.8158502984448319,427,0,10.218291079320844,17,10.73660350875359,427,28,41.50174632330033,51.857142855,18.865208563887077,427,0,20.183114401403127,28.57142869387755,23.204087301434633,427,3.45833333,4.2016637505721395,5.1,1.1485156338505529,427,2.33333333,3.233397617888041,4,1.1960432789535391,427,12.66666667,21.52261498765808,28,12.04971282146037
Semiarid Warm - Very Shallow,360,7.33333333,18.498800310388887,26,13.550172568302262,360,29.33333333,40.89030120722222,50.66666667,16.147238643657623,360,49.829999997499996,60.05490740702778,73.87333333250001,18.6011071540784,360,7.1433333349999995,12.959166666388889,18.013333335,7.8481560491101705,360,8.950000002500001,30.902574074,50.1799999975,23.106089794980967,360,0,2.5843338306388888,3.4999999975,3.373683123286772,360,8,17.197014677756655,22.51923077,12.975140518907232,360,0.66666667,9.608343914527778,14,11.97974143656788,360,17.6354166675,26.08803024020979,32.71710526,11.199717070740418,360,0,14.15403306,23.499999997499998,13.502496904303378,360,0,2.953827989166667,1.33333333,8.186998619913311,360,0,3.0186428039722224,2,8.237608890631035,360,0,0.6145251396648045,1,0.7116565857243804,360,0,5.326386957666666,6.66666667,9.263871820899203,360,22.82352941,37.824177473050845,48.7,19.990485066900035,360,0,24.337696536434716,33.33333339285714,27.895027691489414,360,3,3.993084842373887,5.07692308,1.3290738624951441,360,2,3.0959437255029587,3.9145299125000004,1.3056606344432278,360,9.3333333375,15.667787418472223,20.166666665,8.575040755918794
"Arid Warm - Sandy Uplands, Loamy Uplands",253,18.66666667,33.72332015814229,46.66666667,19.719971833501194,253,21.33333333,33.31225296450593,41.33333333,16.513355560562193,253,55.97333333,64.49971014509882,79.97333333,21.00949585651462,253,8.40666667,14.880764163241107,21.18666667,8.635470120948579,253,7.13333333,31.21836627158103,51.29333333,25.678997796504067,253,0,2.1949934125296444,3.33333333,3.3739210776833297,253,13.25,19.2415291448062,24.5,10.84228031311094,253,0.66666667,7.823451910395257,10,10.652707211168638,253,16.72570533,23.78523175779487,29.155172415,10.415643727599704,253,0,4.292490118577075,6,7.753965861832719,253,0,1.0882740448221344,0,6.093743607996122,253,0,1.2779973649407115,0,6.3130078911827905,253,0,0.15725806451612903,0,0.5280279386389354,253,0,3.7417654812252965,3.33333333,7.303455190371031,253,29.678321677499998,42.925433535208334,53.6875,18.637667053992974,253,0,22.366651267863528,34.65719062941077,27.470481634492028,253,2.4562937025,3.521632059747899,4.66666667,1.5364273860778441,253,1.66666667,2.784663877228916,3.5,1.3006272609757594,253,8,14.44795783972332,19.333333340000003,9.007714776396691
Arid Warm - Shallow,165,11.33333333,30.715151514848486,43.33333333,21.135075155286025,165,18.66666667,25.995959595939393,32,12.850505240439512,165,67.73333333,73.89414141418182,83.94666667,15.290486455419591,165,8.70666667,15.388525252545454,21.08,8.553664980305246,165,22.85333333,42.81923232260606,61.56,24.48512689871635,165,0,1.2686868691515152,1.33333333,2.385848343057998,165,8.25,15.413497615977011,19.375,9.4534585205029,165,0.66666667,6.432323232424243,8.66666667,8.496390452907916,165,16.875,23.559388559596773,29.4017857175,10.855514409047633,165,0,4.327272727151515,4,7.933537669515417,165,0,0.2545454546060606,0,1.3220513074985163,165,0,0.5212121212727273,0,1.9227249283469336,165,0,0.358974358974359,0,0.8265647366385921,165,0,1.9030303031515152,1.33333333,5.07945249439203,165,22.35,35.843373533333335,49.4999999975,19.357102868791795,165,0,25.015761707726533,45.58823508326125,34.56910925161835,165,2.71428571,3.6371888279738562,4.88888889,1.4664898392160552,165,1.875,2.913662341,3.90625,1.3037256748117896,165,6,12.80808080860606,16,9.358499137748973
Semiarid Cool - Deep Rocky,155,0.66666667,6.354867576,10.333333334999999,7.898202295372609,155,62.333333335,74.57524716754838,90,18.295446910303593,155,5.806666665,22.160194805194806,35.64,18.54486005500497,155,0,4.995346320064935,7.87,6.317817600323079,155,0,4.249783549675325,5.57666667,8.069374153172244,155,4,18.294652522193548,25,19.63035921695711,155,15.97368421,28.643358651294964,36.805555555,18.805748107519467,155,9.33333333,26.211445478580647,38.66666667,19.382129896449964,155,24.472402600000002,35.55223240632653,42.150462965,17.653142710599518,155,0,22.984700872967743,44.81431767,27.629663911751706,155,0,1.2086021505806452,0,5.496312339583969,155,0,1.3462365591612904,0,5.555684772668205,155,0,0.36423841059602646,1,0.5713544575084633,155,0,9.533333333096774,18.333333335,12.259848942750326,155,30.571428570000002,42.23559671253012,50.208333335,17.319425938882027,155,0,18.9912627631123,25.531914896333184,23.37880558941143,155,3.5,4.361548371140939,5.66666667,1.4358187934335276,155,1.975,3.094228935625,4.03125,1.4752358536455499,155,5,12.119001227225807,16.389261745,9.467981799140992
Arid Warm - Saline Uplands,148,19.33333333,37.54976117081081,51.33333333,21.85043643871274,148,17.33333333,29.52028538614865,39.666666665,16.552518193718264,148,58.273333335,69.92801801817568,85.8900000025,20.614491068036642,148,9.3499999975,17.06193693695946,22.866666669999997,9.803950066006987,148,9.88666667,32.50504504506757,49.25666667,27.20650608714917,148,0,1.0315315317567568,1.33333333,1.8651993900974562,148,6.75,15.236721826901409,21,10.719306298628847,148,0.66666667,9.71207449081081,14.833333335,12.036969657855355,148,15.7644230775,21.722598084344263,26.02586207,8.360452140901966,148,0,0.3603603604054054,0,1.7429323921529087,148,0,1.3701553904054053,0,5.4020389717177055,148,0,1.7710562913513512,0.66666667,5.535729619726322,148,0,0.6301369863013698,1,0.9756603325715428,148,0,4.891891891959459,4,9.26262625935826,148,20.555555554999998,31.125186234576272,38.133333335,16.62005798087922,148,5.336257325167355,22.673155402778942,27.250000034237505,26.492638981932327,148,2.4,3.52565918738806,4.66666667,1.457375613663272,148,1.984375,2.8604188522297296,3.7339743575,1.1709234406952505,148,6,13.775409638243243,18.1666666675,10.799236146403818
Semiarid Cool - Shallow,148,3.33333333,11.38309450412162,13.4999999975,14.088505260235559,148,48.5000000025,62.97669145668919,77.33333333,20.229264496237484,148,13.6499999975,32.37463963945946,46.5599999975,22.715820808107807,148,1.4600000024999997,7.259684685067567,11.8633333325,7.46833069157143,148,0,7.617477477567568,7.3100000025,15.507217609252747,148,3.33333333,13.220962573445947,16.66666667,12.928725999961939,148,9.9,19.419480931203008,23.75362319,13.400771171300386,148,13.166666665,24.749833726283782,36.833333335,16.468715503357434,148,20.628542510000003,27.756797445174826,33.270833335,11.225924335935142,148,0,13.729729729797297,15.333333334999999,24.423677573728547,148,0,0.7837837837162163,0,4.739449413640008,148,0,0.8468468468243243,0,4.749567888376211,148,0,0.23809523809523808,0,0.5011402523360257,148,1.33333333,13.469707962567567,21.499999997499998,13.087696485103102,148,22.733082705,36.49370043,45.97222222,16.55258377223117,148,4.409090905755577,17.75024225364248,27.04081633980633,19.306655524280917,148,3.1636029425,4.1652824375,5.25,1.3406353325303355,148,2,2.9851343876119403,3.66666667,1.3894351368560394,148,8,13.459671080878378,17.33333333,9.683028710915478
Semiarid Warm - Saline Uplands,121,15.33333333,28.743801653140494,42,16.278181280694223,121,29.33333333,41.49862258917356,53.33333333,17.77144630110995,121,47.56,60.090633609008265,73.62666667,20.024979929689888,121,7.44,15.417300275123967,22.14666667,8.592485070662287,121,2.81333333,20.398512396528925,29.52,22.718005381171963,121,0,1.7575757580991735,2,3.3971665749884643,121,6.7291666674999995,14.105551014218749,17.4510869575,9.626354195316758,121,4,14.677685950413222,21.33333333,12.97946625383636,121,17.8090277775,23.95558029357143,30.278947369999997,9.485267032550691,121,0,0.19283746553719008,0,1.2455491618986616,121,0,6.203856749421488,5.33333333,13.777556353721318,121,0,6.699724518099174,6,13.919304803813455,121,0,0.8677685950413223,2,0.8845163345046317,121,0,9.157024793057852,14.66666667,10.294827393854773,121,27.5,38.80015335658823,46.66666667,17.147419468598024,121,11.11111111111111,25.904275670764754,33.333333499999995,23.319651341709903,121,3,3.946494031607143,5,1.3263637848720107,121,2.2355769225,3.114822645677966,3.9068181825000003,1.1718599531778942,121,9.33333334,14.969696969834711,18.66666667,9.11612328310289
Arid Warm - Very Shallow,106,8.87695749,24.49740407783019,36.5000000025,19.128303825473292,106,16.833333335000003,26.045882402169813,33.166666665,13.779754819809193,106,67.0966666675,73.8417610066981,83.97666666500001,15.84911103746243,106,9.696666665,15.513144654528302,21.17666667,8.546996772523126,106,25.39333333,46.19591194971698,66.28,24.48493997850974,106,0,1.635388966509434,2,3.190162082448266,106,11.875,20.498859426949153,25.666666665,13.267898182363627,106,0,4.503651175849057,6.5000000025,6.978871800977816,106,17.33333333,24.592386582054793,32,11.807706859912482,106,0,5.503651175566038,9.166666665,7.186328093312983,106,0,1.1006711409433962,0,9.066964563916189,106,0,1.13840699,0,9.095827175047004,106,0,0.13592233009708737,0,0.46544399400497344,106,0,1.1950529740566038,0.66666667,3.978481650649429,106,22.333333335,38.655035303043476,52.111111109999996,25.868709587244762,106,0,37.118855590403626,67.499999983125,40.83211160769281,106,3,3.9045227273,4.89583333,1.435972622654427,106,2,2.9876279142718447,3.733333335,1.338203995645885,106,6,10.421721328867925,13.333333337500001,6.562305133598337
Arid Warm - Saline Hills,98,32,47.006802720918365,61.33333333,22.420381191665374,98,13.666666665,27.707482993469387,37.33333333,16.929762949671783,98,58.980000000000004,70.97972789132653,85.2433333325,18.62064559932764,98,10.78666667,16.38408163265306,21.98333333,8.31315002624947,98,11.859999997500001,34.37034013622449,55.206666667499995,27.78496987331516,98,0,2.000000000510204,2,4.485945980511661,98,8.875,18.734986987142857,25.5,13.207957642785312,98,0,7.768707483265306,12.333333335,11.287395088262643,98,14.875,24.23239074402778,31.458333330000002,11.851576142779935,98,0,0.08843537418367348,0,0.6026877948914633,98,0,0.40136054428571427,0,2.30292367815811,98,0,1.3945578230612246,0,6.137102333937905,98,0,0.3404255319148936,0,0.9105497747209307,98,0,4.003401360612245,4,7.783216132974716,98,15,25.92692648422222,36,15.215231853415258,98,0,16.113247951169136,25.31779661178541,21.630773216108494,98,3,3.9153568329411765,5,1.4540242512486001,98,1.9375,3.0155334610309277,3.78571429,1.2173053217546153,98,4.833333335,9.727891156734694,13.166666665,6.731530999603827
Semiarid Warm - Clay Uplands,86,2.66666667,9.124031008372093,11.8333333325,10.496815142748847,86,57.16666667,69.20930232569768,81.6666666675,17.365132709610275,86,15.478333335,33.55891472883721,49.03666667,23.601653068470885,86,0.7966666674999999,8.074961240697675,13.746666670000002,8.544068305305824,86,0,7.071240310465116,9.98666667,12.322177138615567,86,2.66666667,10.48062015488372,15.33333333,10.13717737348734,86,12.9,22.891133408235294,31.573333332500003,15.418383516309198,86,19.16666667,33.72093023255814,47.833333332500004,18.380286431767605,86,24.2055555575,30.702598637,36.43253968249999,9.807536644641841,86,0,3.1550387596511626,2,8.395096245681575,86,0,9.007751938023256,14,13.24351875006941,86,0,9.55813953488372,17.166666664999997,13.451091931519288,86,0,0.9767441860465116,1,0.7511049771706391,86,4.833333335,16.10852713139535,24.66666667,11.68423795640978,86,40.71875,53.11289895611111,63.2,19.78986298301143,86,7.923076960752666,19.50378916874032,26.555023960823924,15.264087801048209,86,4.16666667,4.495392658765432,5.15384615,1.005109342967278,86,2.35294118,3.510961142191781,4.66666667,1.3871493765398022,86,10,17.976744185813953,22.666666667500003,10.603463572279304
Semiarid Cool - Clay Uplands,85,1.33333333,4.800526385058824,6.66666667,4.621940022593088,85,74,81.04542703,89.33333333,11.804108532514652,85,2.27,10.5922222225,14.08,13.28466672875733,85,0,1.641904761904762,1.3833333300000001,3.9032986525241524,85,0,0.9404761902380953,0,3.9336578427131856,85,15.33333333,25.891617318352942,35.33333333,15.71091981471336,85,17.2375,27.108447849746835,32.47619048,13.60779924118911,85,34,47.328595868,58.66666667,17.631013612002274,85,25.76851852,33.47581781304878,41.21875,10.554437313271844,85,0,2.239215686235294,0,8.955003886783617,85,0,0.4862745096470588,0,2.4199091220172475,85,0,0.5333333332941177,0,2.4229939058788252,85,0,0.3058823529411765,1,0.5778352338019629,85,12.66666667,24.494328201294117,37.33333333,14.644743477492044,85,43.4911290325,54.19515851371795,63.6250000025,16.184805743070946,85,5.197368421052631,16.69240397770433,25.132978717691252,16.550381155213756,85,4.1838235325,4.72953361402439,5.55555556,0.9737520285794736,85,2,3.0964997968518517,3.66666667,1.475606543000438,85,6,11.746150810117648,14.66666667,8.765758565687289
Semiarid Warm - Saline Hills,65,28,39.056410256153846,52,17.8488609611533,65,24,33.599999999384615,44.66666667,15.02950801341361,65,59.42666667,67.51753846169231,80.42666667,19.973745391926734,65,11.41333333,17.762871794615386,25.56,9.427957682759798,65,11,26.91538461630769,39.04,23.64261403763768,65,0,1.9794871803076923,2,3.7785381334854966,65,6,9.790877260294117,12.6666666675,6.359408939166257,65,4,12.492307692461539,19.33333333,11.103851260811897,65,16.1730769225,21.945274548333334,26.9519230775,8.665117020334861,65,0,0.36923076923076925,0,1.3282756637720263,65,0,2.5025641026153846,0,6.875914857445032,65,0,2.758974358923077,0,6.975031783034532,65,0,0.5230769230769231,1,0.7311739769818019,65,0,7.7128205133846155,12.66666667,9.698918346803278,65,25.25,31.94742042877551,39.92857143,13.757254126744245,65,6.470588267430797,23.844400931922454,31.41025640939349,25.314382352526362,65,2.7874999999999996,3.6719405185,4.6875000025,1.3076858950223575,65,1.58333333,2.674155489375,3.3051948075000004,1.2150894225675413,65,6,12.010256410923077,17.33333334,7.405414974658284
Arid Warm - Deep Rocky,55,18.333333335,33.333333333090906,46,19.934460515925373,55,15.33333333,24.145454545636362,31.666666669999998,12.355296366757608,55,66.36,74.05563636290908,86.5,17.204025331186166,55,8.653333335,14.183515151636364,18.18,7.327140803892002,55,23.1,44.16278787909091,61.793333335,24.368989458557515,55,0,2.4484848483636363,2.333333335,5.443393013245182,55,7.375,15.62359083875,20.5178571425,8.956466077029512,55,0,7.2000000005454545,8.333333334999999,10.769106859859743,55,14.846153845,21.69880480307692,25.20769231,10.577068161089885,55,0,3.6121212123636366,2.666666665,7.294725428875006,55,0,0.33939393945454543,0,1.7254937972310502,55,0,0.6303030305454546,0,2.1446389541771445,55,0,0.509090909090909,1,0.7421871400406711,55,0,0.9090909090909091,0.333333335,2.0860644274448488,55,27.25,46.21969697,44.708333335,30.233587667893083,55,0,27.111222073874746,35.60606059194215,35.16177802370109,55,3,3.725212542653061,4.6,1.2758837995050214,55,1.66666667,2.516575580181818,3.0625,1.0225329203358693,55,6.333333335,12.436363636727274,16.333333330000002,7.666095718711932
Outcrops,53,14,28.427672956037735,42,20.244697243699402,53,19.33333333,29.547169811886793,38.66666667,17.629992696730568,53,61.30666667,70.18402515679246,81.90666667,20.039244929425287,53,9.12,13.425031446981132,20.66666667,7.488677825139116,53,18.56,40.980880503207544,54.17333333,27.40042154595437,53,0,2.4779874211320756,2.66666667,3.4427611620576797,53,6.875,15.413808413749999,19.9785714275,11.221744331989969,53,2.66666667,12.452830189622642,14,16.66142152549827,53,16.881666664999997,23.513690931276596,25.898550725,10.58757840397323,53,0,1.6981132073584906,0.66666667,4.187008881763541,53,0,1.1194968554716982,0,5.472188556714494,53,0,1.2704402516981133,0,5.785723884360287,53,0,0.4528301886792453,1,0.7484866201940948,53,0,5.207547169622641,7.33333333,7.476523488770202,53,24.534090912499998,31.9842539403125,41.1,16.447501332760602,53,4.761904785714283,27.889718991292792,42.857142872448975,34.15101660859325,53,2.28571429,3.304377623877551,4.16666667,1.4040279632444066,53,1.72159091,2.5461751173076923,3.2142857175,1.1423821223400363,53,4.66666667,9.383647798867925,12,6.193253921178136
Semiarid Cool - Very Shallow,49,7.33333333,16.042642561020408,23.33333333,13.192921683059717,49,48.66666667,56.87850979346939,64.66666667,15.449552820092588,49,25.72,35.236734694285715,43.62666667,17.697428047216064,49,1.42666667,6.392380952857143,8.18666667,6.54342361385644,49,0,4.874557822857143,2.88,12.720167398779386,49,4.66666667,10.858329909387756,14,9.381539256093674,49,8.66666667,15.047327405333334,16,10.538966836029154,49,18,26.234488426326532,34,13.291292716976871,49,20.72413793,26.279796559183673,30.91666667,9.365190040530736,49,0,5.129251700612245,0,15.803893145452836,49,0,0.01360544224489796,0,0.09523809571428572,49,0,0.027210884285714287,0,0.19047619000000002,49,0,0.22448979591836735,0,0.7709654694615322,49,10.66666667,17.94895676387755,23.33333333,10.75688447100479,49,19.533333335000002,27.400782905581394,33.34265734,13.029576751840036,49,6.880341904191318,15.873044455913526,21.46464647601011,12.634760397963996,49,2.76923077,3.5671860457142857,4.33333333,1.1498547174732907,49,1.83333333,2.535219410222222,3,0.9638606122389607,49,6.66666667,11.430762910408163,15.33333333,6.374307826368498
"Arid Warm - Saline Bottoms, Bottoms",48,12.66666667,36.977628635416664,59.0000000025,24.419122798298925,48,19.6666666675,36.769854585208336,47.9999999975,22.096236125629048,48,46.17,61.596111112083335,79.68999999750001,24.356967511508444,48,7.7700000025,15.258333333958333,22.873333334999998,8.639931977654987,48,8.20333333,27.797777777708333,42.513333329999995,24.058674114645754,48,0,1.55611484,1.4999999975,2.9446646963448635,48,6.30357143,17.545186410416665,26.038461537499998,10.655206221012746,48,0,8.711689038541667,14.6666666675,11.56498896465779,48,19.5,25.02335746,31.09090909,8.477734231840792,48,0,1.0277777777083332,0,3.5701900361603527,48,0,0.38888888875,0,2.505156226681043,48,0,0.7777777775,0,2.8194975764782533,48,0,0.3191489361702128,0,0.9349815850017165,48,0,2.680555555625,1.4999999975,5.962038434307941,48,23.5588235325,43.659750053888885,60.8,25.029005027649458,48,0,29.693732165645546,52.499999881250005,33.95763947697288,48,2.625,3.7699574646511627,4.9,1.5100075210161827,48,1.641025645,2.9920344578723403,4.05,1.5244855010908205,48,8.66666667,14.237975391666666,17.33333334,8.193079749213858
"Arid Warm - Finer Uplands, Clay Uplands",42,17.83333333,28.015873015714284,39.666666667499996,14.875445361907179,42,25,38.634920635,47.833333332500004,18.36159086546813,42,38.543333335,55.664444444285714,73.69333333249999,26.12104969644796,42,7.586666665,14.590158730714286,20.973333332499998,10.295316822894122,42,3.153333335,20.939841269761907,35.7066666675,22.540250753991433,42,0,1.9206349207142857,1.33333333,5.1243663220074485,42,9.4375,14.236716792222222,17.1517857175,6.488835259153959,42,1.0000000025,12.301587301666666,20.83333333,13.19785018281068,42,14,23.39427054551724,26.66666667,14.76769558035097,42,0,3.6031746030952383,0,8.832140767795051,42,0,6.174603174761905,0,15.064133555301659,42,0,6.507936508333334,0.66666667,15.050274934081658,42,0,0.7142857142857143,1.75,0.9699312091703453,42,0,6.682539682142857,14.83333333,9.46995030055232,42,20.35,34.3225242765,48.465625,18.160509160145153,42,4.347826044423445,18.193462331635647,22.222222208333328,20.919402192769866,42,2.7023809500000002,3.682376467948718,4.775,1.2542953857761685,42,2.06666667,2.8419738719512195,3.5,1.1103256666809889,42,13.500000005,21.825396826190477,27.8333333325,12.872575014890623
Semiarid Warm - Breaks,42,4,13.406504065365853,16.66666667,14.574618766943438,42,33,47.292682927317074,54.66666667,18.732353936556834,42,37.70666667,51.76975609829268,65.12,22.389228565844256,42,6.89333333,12.747154471219512,19.98666667,8.219818920243796,42,8.64,24.898048780731706,40.12,20.514754920030086,42,0,3.9837398382926827,4.66666667,6.751934381130903,42,12.16666667,21.213772821515153,29,13.578528453624546,42,0.66666667,11.788617886829268,17.33333333,13.6108118984365,42,15.931818182499999,27.0981021575,32.041666667499996,14.890537870423287,42,2.66666667,17.67479674804878,30.66666667,15.206082080997831,42,0,0.9523809528571429,0,4.109986139671603,42,0,1.024390244390244,0,4.15825166580997,42,0,0.5121951219512195,1,0.7114053422456215,42,0,3.227642276585366,0.66666667,8.362761048692985,42,38.5,52.91229141142857,60.185185185,22.841461247088116,42,6.428571429489796,26.632188759435124,27.182539669642857,35.532224245942764,42,2.97222222,3.8602165392307692,4.641414145000001,1.062256221533803,42,2.01923077,2.72867425,3.1607142875000003,0.9607696170956237,42,7.333333339999999,15.268292683170731,22,9.427860458567874
Semiarid Warm - Saline Bottoms,40,14.9999999975,34.04261745,50.833333335000006,23.08705137651815,40,32.66666667,48.037248323,68.1666666675,21.63792907104315,40,29.643333335,52.54950000075,69.443333335,23.80191085664807,40,4.6166666675,13.74450000025,20.66,9.745684983855229,40,2.98666667,17.92933333325,24.4499999975,22.08971630523419,40,0,1.2171140945,2,1.8238448517187977,40,7.375,16.092777778,16.45,20.909154615327726,40,2.66666667,12.13557047,17.33333333,11.04298815232405,40,17.125,24.728686160571428,29.47142857,11.584420128906453,40,0,2.6840044745,0,8.30139908026124,40,0,11.2333333335,9.0000000025,20.73550707208672,40,0,12.2833333335,11.0000000025,21.600299406477582,40,0,1.175,2,1.1067971810589328,40,0,3.7333333335,4.833333335,6.5490479070871,40,28.66666667,40.636559472857144,47.54545455,18.94308300871967,40,11.111111099999995,33.919578787655894,44.4444445,32.52888547491818,40,3.291666665,4.072705428205128,5,1.2152732288593473,40,2.2253787849999997,3.38875912475,4.5785714275,1.3864549696891557,40,7.833333335,13.7200223715,17.8333333375,8.75862445269214
Semiarid Cool - Breaks,29,0.66666667,6.573258825517241,8.66666667,9.688740728665438,29,56.66666667,73.66280496206896,88.66666667,18.374323891604924,29,9.8533333325,23.818035714642857,40.11666667,18.896515297089817,29,0,5.713110119285714,9.239999999999998,7.5104723284605,29,0,5.397894345,6.1866666675,9.417509623235922,29,3.33333333,12.536958793448276,20,14.225599865302778,29,18.95652174,26.78271254764706,34.24,12.397417430968657,29,7.33333333,23.722048067586208,34.66666667,17.315035275437097,29,28.8,37.3529448072,43.26923077,15.397294234981842,29,0,28.78160919551724,49.33333333,29.751387304228928,29,0,0.2665031124137931,0,0.8793684879284667,29,0,0.43596383620689655,0,1.086614958087166,29,0,0.6071428571428571,1,1.030615986761952,29,0,8.98850574724138,18.66666667,11.167726587675386,29,27.069444445000002,47.65550181875,62.65,23.65472781708666,29,16.761363579174205,26.733065829526222,41.60714284828444,17.410396150796245,29,2.82352941,4.142320336923077,5.7291666674999995,1.595238515141415,29,1.75,2.9079790583333334,3.6769230774999997,1.6459060514700101,29,6,10.115624006896551,14,5.811965246609661
"Semiarid Warm - Sandy Bottoms, Bottoms",26,2.3434004475,10.974875236153846,15.833333335000003,11.365382021335066,26,48.0000000025,66.78816038615385,85.5,20.286151431168737,26,11.263333330000002,31.981025641153845,55.2799999975,25.091044648503978,26,1.4566666675,8.896923077692307,13.536666669999999,8.468034793739806,26,0,8.731794871153847,13.81333333,13.008682407273653,26,0,2.6923076923076925,3.8333333325,5.244190925910796,26,19.204545455,24.592240588181816,29.819444445000002,11.972477374516561,26,3.33333333,18.673205987692306,31.33333333,19.80579632830418,26,23.25,31.2574870196,36.4,11.70158994973239,26,0,6.615384615384615,5.8333333325000005,13.874258277003435,26,0,19.51454138730769,40.5,23.523617727102792,26,0,19.61710549,40.5,23.5701292539609,26,0,1.1153846153846154,2,0.9089300556994725,26,0,9.571846498461538,12.5000000025,13.230596234872092,26,47.4062500025,72.282326344375,91.09411764750001,35.70210044548242,26,1.8518518472222203,24.395181266766162,44.33760683123768,25.86801546588482,26,3.4909090875,4.142429996153846,4.83088235,0.929897314942762,26,2.41666667,3.4425768682608697,4.458333335,1.3206123837696118,26,9.33333334,15.570297711923077,20.499999994999996,9.441332632390836
Semiarid Cool - Saline Hills,17,30,43.96078431470588,58.66666667,19.509927087364133,17,20,30.94117647,41.33333333,16.512720389454625,17,53.05333333,65.74823529470588,74.2,17.344958205493096,17,11.38666667,16.863529412941176,22.22666667,8.073858405523096,17,3.49333333,24.87764705764706,36.36,23.68190694104965,17,0.66666667,5.647058824117647,10,6.708691074857734,17,5.333333335,9.238636363636363,9.9625,5.976317000318926,17,5.33333333,13.843137255294117,17.33333333,11.83105473820689,17,14.618181817500002,19.926364624375,26.3696741825,7.4332100488440265,17,0,0.274509804117647,0,1.1318329176446724,17,0,0,0,0,17,0,0,0,0,17,0,0,0,0,17,2.66666667,7.05882353,7.33333333,7.937459792673627,17,18.325,27.691721056,35.18181818,13.449787034306198,17,9.024064105715961,23.245188240231496,27.380952331632656,26.081151547858386,17,2.5,3.5896125111764707,4.5,1.0822603576677525,17,2.2,3.137520595882353,3.9,1.1089097079295305,17,3.33333333,7.68627451,9.33333334,7.491171275319799
Riparian,15,0,5.022222223333333,5,9.839559504056187,15,71.33333333499999,77.60000000066667,92,14.989520147775627,15,3.1494207299999997,15.686592197142858,27.5422440925,15.441168428176892,15,0,3.2037662514285716,3.62333333,5.224653272164636,15,0,3.6935251185714284,5.8416666699999995,5.212512641573182,15,0,1.0666666666666667,1.33333333,2.2509257363307635,15,50.425,54.5614899,58.2755681825,18.01755300569907,15,5.333333335,22.311111110666666,34,20.4549317486049,15,24.7236842125,48.135380118,67.1354166675,31.845681421571697,15,0,7.111111111333334,1.333333335,15.943683958906156,15,0,0.044444444666666666,0,0.17213259402543704,15,0,9.288888889333334,11.333333335,16.828672936432568,15,0,0.7333333333333333,1,0.7037315505489968,15,0,2.355555556,1.6666666700000001,4.363387838877678,15,32.083333332500004,46.166666665,60.2499999975,39.833682004485155,15,0,19.166666682291666,36.2500000234375,22.453655980383612,15,3.4444444450000002,4.176643991428572,4.78888889,1.0100277097531156,15,3.6041666675,3.7247023825000003,3.9241071450000002,0.4040719773065038,15,8,14.311111112666667,18.333333335,9.587911260276755
Arid Warm - Gypsum,12,31.166666669999998,48.333333333333336,73.4999999975,29.565882602968667,12,3.8333333325,16.944444444166667,24.666666664999997,13.03750094892288,12,83.08333333499999,84.1777777775,88.683333335,11.4365825711979,12,4.856666669999999,14.398888889166667,21.0200000025,11.282875852741762,12,27.1700000025,56.32444444583333,81.326666665,30.978922692174866,12,0,1.4999999991666666,1.6666666650000002,1.778093406182901,12,11.75,19.11904762,27.833333335,12.141798895667424,12,0,5.055555555,6.166666665,6.930875632199987,12,18.76470588,22.52556376,29,10.324866345579675,12,0,0.05555555583333333,0,0.1924500906921257,12,0,0,0,0,12,0,0,0,0,12,0,0.2,0,0.6324555320336759,12,0,1.1666666666666667,0.3333333325,2.9007139491769083,12,23.359375,26.46875,29.578125,8.794640591007685,12,20,38.33333330208333,57.499999953125,37.52776745152625,12,2,3.5798898072727274,5.022727274999999,1.8677226809844598,12,2.234375,3.386380523333333,4.7187500025,1.5350663538162768,12,2.6666666649999997,7.777777778333333,10.666666665000001,7.09720863317128
Arid Warm - Sandy Bottoms,12,35.8333333325,51.49999999916667,64.833333335,27.769796833008442,12,15.166666670000001,31.777777779166666,39.166666665,26.297956034184335,12,44.796666665000004,66.27888888916667,85.35000000000001,31.235326003705563,12,5.7300000025,11.229444444166667,15.209999999999999,9.269270817102944,12,9.27666667,41.21333333416667,61.2000000025,31.350664452490292,12,0,1.7222222233333333,2.8333333350000003,2.703657580773511,12,23,29.766666666,45.33333333,15.661169247418208,12,0,6.166666666666667,9.83333333,7.904096878649116,12,17.749999997499998,29.872222221666668,40.7666666675,15.119823877405794,12,0,0,0,0,12,0,0,0,0,12,0,0,0,0,12,0,0.08333333333333333,0,0.28867513459481287,12,0,3.1666666675,1.1666666700000001,8.575864652881682,12,61.5625,74.59375,81.59375,18.814161056236337,12,5,11.488095276838859,16.96428578364158,10.733448516597816,12,2.7083333350000003,3.7448076919999997,4.98076923,1.7952206223869593,12,1.3860294149999999,2.4260212425,3.705555555,1.2997901366381435,12,3.833333335,10.000000000833333,10.5,9.32900332511464
Semiarid Cool - Bottoms,11,2.66666667,16.484848485454545,17.66666667,21.53671987643148,11,64.66666666500001,75.51515151545455,95,24.27452420229817,11,2.026666665,18.75757575727273,20.94,26.81836837769137,11,0,4.385454545454545,0.72,9.492218013962018,11,0,4.632727272727273,0,10.34140134692498,11,7,26,43,19.5027063635566,11,9.33333333,23.422594701111112,42,16.231609958359062,11,26,32.90909090818182,37.666666665,17.27238702435044,11,23.089285715000003,30.985544981818183,35.521249999999995,14.00064737713678,11,0,0,0,0,11,0,0,0,0,11,0,0,0,0,11,0,0,0,0,11,2.666666665,18.96969697,30,16.62759055687962,11,31.020238095000003,40.83432387125,49.98717949,16.59946877108199,11,8.180147054188234,14.492078079377265,16.975446428665823,11.895015800009213,11,4.079365075,4.4105747181818185,4.891826925,1.1724934373413773,11,2.82142857,3.1561224485714288,3.35,0.9839911491652598,11,2,6.484848485454545,7,7.688900565468158
Semiarid Cool - Saline Bottoms,10,19.16666667,31.466666667000002,35.833333335,23.11068375684798,10,46,58.733333334,72.666666665,25.177787582942095,10,12.03333333,34.066666666,44.093333335,26.578017836174688,10,3.87333333,6.587999999,9.816666667500002,5.498201547013194,10,0,5.376666665999999,2.2899999975,13.949893844500204,10,0,0.800000001,1.166666665,1.0795518055833504,10,6.0625000025,13.3541666675,15.875,12.694117731655828,10,23.3333333325,36.933333333,45.9999999975,19.74204012208277,10,18.6465997775,21.477002536,23.5817369125,4.407378474176715,10,0,0,0,0,10,0,0,0,0,10,0,0,0,0,10,0,0,0,0,10,1.0000000025,7.6,11.5000000025,8.13588302503404,10,24.55,27.27183671875,28.687500002500002,6.332914296399175,10,6.250000031249996,24.76335363315381,27.08333333984375,32.51688459556932,10,4.125,4.531977385,4.970588235,0.6732414648519293,10,3.72727273,4.040199614444445,5,1.2070783807408219,10,3.0000000025,9.000000001,11.166666665,8.7277052809352
Semiarid Warm - Gypsum,8,5.3333333325,24.8333333325,38.5,23.030001137625842,8,30.6666666675,39,51,14.043017808533666,8,66.47666666999999,70.5116666675,79.88666667000001,19.238989428166313,8,6.33666667,14.4050000025,19.2566666675,10.302120448032138,8,21.233333332500003,41.3349999975,53.373333329999994,25.94984998481586,8,0,1.4166666675,2.66666667,1.7615829837762849,8,20.4375,22.125,23.8125,4.772970773009196,8,1.166666665,6.75,10.83333333,6.348978169452977,8,28.625,30.908928572,32.0625,5.323895508348117,8,0,1.33333333375,0,3.771236167506765,8,0,8.66666666625,21.33333333,11.866987688274172,8,0,8.75,21.33333333,12.007603410670113,8,0,0.75,1,0.7071067811865476,8,3.1666666649999997,11.6666666675,16.000000002500002,8.958457918389502,8,40.166666665,45.579020785714285,47.6627907,17.61821054156941,8,3.409090925361568,20.447781405422226,29.545454622546483,22.234713864542947,8,2.916666665,4.035714285714286,5.25,1.621511313885352,8,2.3972222225,3.21804388375,3.725,1.206085182968376,8,12.6666666675,17.66666666875,22.66666667,7.466326521355202
Arid Warm - Breaks,6,10.666666670000001,22.777777778333334,30.4999999975,17.27382948514677,6,24.000000002500002,38.666666666666664,53,17.054162085726237,6,55.1666666675,61.52,73.8099999975,20.52281288707742,6,14.193333335,17.639999998333334,21.00333333,9.399771155908471,6,14.986666665000001,23.064444443333333,29.6833333325,15.135447526742619,6,0.3333333325,1.3333333316666667,1.8333333325,1.2649110630132592,6,17.75,32.25,44.125,26.764015020172142,6,10.166666665,19.222222221666666,26.83333333,12.27403160440472,6,23.549999999999997,32.280973195,40.2301136375,10.757454923529052,6,0,0.555555555,0,1.3608276335187157,6,0,0,0,0,6,0,0,0,0,6,0,0,0,0,6,0,0.11111111166666666,0,0.2721655283367363,6,7,7,7,NA,6,0,0,0,NA,6,3.4,3.8833333333333333,4.625,0.8818541073594128,6,2.3221153875000002,3.4853785116666667,4.466666665,1.6424290913551385,6,5.833333337499999,9.222222223333334,10.83333333,4.684094442416964
Semiarid Cool - Sandy Bottoms,1,0,0,0,NA,1,87.33333333,87.33333333,87.33333333,NA,1,7.62666667,7.62666667,7.62666667,NA,1,1.36,1.36,1.36,NA,1,3.48,3.48,3.48,NA,1,10,10,10,NA,1,12.07692308,12.07692308,12.07692308,NA,1,3.33333333,3.33333333,3.33333333,NA,1,22.5,22.5,22.5,NA,1,82.66666667,82.66666667,82.66666667,NA,1,0,0,0,NA,1,0,0,0,NA,1,0,0,0,NA,1,0,0,0,NA,1,NA,NA,NA,NA,1,NA,NA,NA,NA,1,5.8,5.8,5.8,NA,1,5,5,5,NA,1,3.33333333,3.33333333,3.33333333,NA
